Class,Rank,Token,Relative Attention
false,1,midazolam,0.35823
false,2,metabolism,0.07819
false,3,and,0.07791
false,4,that,0.05982
false,5,inducer,0.05694
false,6,there,0.04653
false,7,max,0.02608
false,8,rifampin,0.0255
false,9,cyp3a4,0.02499
false,10,adult,0.02446
effect,1,when,0.12791
effect,2,was,0.11811
effect,3,with,0.08778
effect,4,and,0.0704
effect,5,depress,0.0635
effect,6,are,0.0592
effect,7,synergism,0.05269
effect,8,effects,0.05077
effect,9,the,0.04328
effect,10,also,0.04231
mechanism,1,absorption,0.23429
mechanism,2,metabolism,0.05864
mechanism,3,caused,0.05784
mechanism,4,and,0.0567
mechanism,5,impaired,0.05575
mechanism,6,studies,0.0508
mechanism,7,decreased,0.05064
mechanism,8,max,0.04654
mechanism,9,carbamazepine,0.04281
mechanism,10,rifampin,0.04086
advise,1,cann,0.20252
advise,2,take,0.1784
advise,3,you,0.12557
advise,4,administration,0.071
advise,5,should,0.06279
advise,6,from,0.04249
advise,7,recovery,0.04145
advise,8,following,0.03949
advise,9,not,0.03851
advise,10,observed,0.03182
int,1,interact,0.13272
int,2,with,0.10676
int,3,adrenal,0.0947
int,4,can,0.09446
int,5,and,0.07872
int,6,may,0.06247
int,7,decrease,0.05952
int,8,function,0.04787
int,9,causing,0.03957
int,10,imide,0.03877
