Model,Source,N,Macro F1,F1(false),F1(effect),F1(mechanism),F1(advise),F1(int)
Rule-based,DrugBank,5871,0.1896,0.3978,0.1507,0.1478,0.1795,0.072
Linear SVM,DrugBank,5871,0.5494,0.8863,0.3988,0.537,0.5201,0.4046
BioBERT,DrugBank,5871,0.6961,0.9445,0.6457,0.677,0.7288,0.4844
PubMedBERT,DrugBank,5871,0.7255,0.9589,0.7043,0.7368,0.8294,0.3978
SciBERT,DrugBank,5871,0.7167,0.9549,0.704,0.7063,0.771,0.4476
Rule-based,MedLine,786,0.2149,0.6823,0.2645,0.0858,0.0,0.0421
Linear SVM,MedLine,786,0.4576,0.9007,0.4444,0.4127,0.1667,0.3636
BioBERT,MedLine,786,0.4501,0.9251,0.5972,0.4783,0.25,0.0
PubMedBERT,MedLine,786,0.5309,0.9393,0.608,0.6122,0.2727,0.2222
SciBERT,MedLine,786,0.55,0.937,0.6015,0.5116,0.3,0.4
